mode_name,grid_h,grid_w,target_snr_db,denoise_method,denoise_params,num_trials,snr_before_db,snr_after_db,snr_improvement_db,phase_mae_rad,phase_continuity,mask_threshold
LP01,500,500,20.0,gaussian,"{'ksize': 5, 'sigma': 0.65}",5,20.000896420886072,20.61057366426501,0.6096772433789397,0.12547500341921297,0.8912957915831663,0.05
LP02,500,500,20.0,gaussian,"{'ksize': 5, 'sigma': 0.65}",5,20.00556232624382,19.50934574478244,-0.49621658146137904,0.09123982540082062,0.9066857715430862,0.05
LP03,500,500,20.0,gaussian,"{'ksize': 5, 'sigma': 0.65}",5,20.00324220075698,18.39961010327942,-1.6036320974775577,0.07990672516771614,0.9130104208416835,0.05
LP11,500,500,20.0,gaussian,"{'ksize': 5, 'sigma': 0.65}",5,20.001526063959865,20.33689410104778,0.33536803708791396,0.13110285229321378,0.8934332665330661,0.05
LP12,500,500,20.0,gaussian,"{'ksize': 5, 'sigma': 0.65}",5,20.00116967179209,19.985891934137182,-0.015277737654908918,0.11641004058440932,0.9135699398797594,0.05
LP21,500,500,20.0,gaussian,"{'ksize': 5, 'sigma': 0.65}",5,19.99659202207821,20.2231564419797,0.22656441990148934,0.134406547736122,0.8950545090180361,0.05
LP22,500,500,20.0,gaussian,"{'ksize': 5, 'sigma': 0.65}",5,20.001704182584955,19.476142616734453,-0.5255615658505022,0.11566353246889353,0.9038921843687374,0.05
LP31,500,500,20.0,gaussian,"{'ksize': 5, 'sigma': 0.65}",5,19.999333665209246,20.048252604958304,0.0489189397490577,0.13640539666453755,0.8963595190380762,0.05
